[
  {
    "id": "/subscriptions/3e5ff226-7b86-4538-8eb7-e1638adc99ab/resourceGroups/rg_eastus_202894_1_174158937158/providers/Microsoft.Resources/deployments/Microsoft.Web-WebApp-Portal-dccf9ef0-83ab/operations/84E23692D6D6F34D",
    "operationId": "84E23692D6D6F34D",
    "properties": {
      "provisioningOperation": "Create",
      "provisioningState": "Succeeded",
      "timestamp": "2025-03-10T06:55:30.6617039Z",
      "duration": "PT38.4392699S",
      "trackingId": "279785bd-a35d-4c6b-9905-94786c4dcdf7",
      "statusCode": "OK",
      "targetResource": {
        "id": "/subscriptions/3e5ff226-7b86-4538-8eb7-e1638adc99ab/resourceGroups/rg_eastus_202894_1_174158937158/providers/Microsoft.Web/sites/whizlabappsarang/basicPublishingCredentialsPolicies/scm",
        "resourceType": "Microsoft.Web/sites/basicPublishingCredentialsPolicies",
        "resourceName": "whizlabappsarang/scm"
      }
    }
  },
  {
    "id": "/subscriptions/3e5ff226-7b86-4538-8eb7-e1638adc99ab/resourceGroups/rg_eastus_202894_1_174158937158/providers/Microsoft.Resources/deployments/Microsoft.Web-WebApp-Portal-dccf9ef0-83ab/operations/D4102F91725677D0",
    "operationId": "D4102F91725677D0",
    "properties": {
      "provisioningOperation": "Create",
      "provisioningState": "Succeeded",
      "timestamp": "2025-03-10T06:55:30.3903233Z",
      "duration": "PT0.4346327S",
      "trackingId": "7e7a182e-56c2-48c7-9ac9-e0c3159fc440",
      "statusCode": "OK",
      "targetResource": {
        "id": "/subscriptions/3e5ff226-7b86-4538-8eb7-e1638adc99ab/resourceGroups/rg_eastus_202894_1_174158937158/providers/Microsoft.Web/sites/whizlabappsarang/basicPublishingCredentialsPolicies/ftp",
        "resourceType": "Microsoft.Web/sites/basicPublishingCredentialsPolicies",
        "resourceName": "whizlabappsarang/ftp"
      }
    }
  },
  {
    "id": "/subscriptions/3e5ff226-7b86-4538-8eb7-e1638adc99ab/resourceGroups/rg_eastus_202894_1_174158937158/providers/Microsoft.Resources/deployments/Microsoft.Web-WebApp-Portal-dccf9ef0-83ab/operations/BA79D8B6AA32F52C",
    "operationId": "BA79D8B6AA32F52C",
    "properties": {
      "provisioningOperation": "Create",
      "provisioningState": "Succeeded",
      "timestamp": "2025-03-10T06:55:29.9127481Z",
      "duration": "PT37.6903141S",
      "trackingId": "03a406ea-b9c3-4632-8e74-7da92d3a9e3a",
      "statusCode": "OK",
      "targetResource": {
        "id": "/subscriptions/3e5ff226-7b86-4538-8eb7-e1638adc99ab/resourceGroups/rg_eastus_202894_1_174158937158/providers/Microsoft.Web/sites/whizlabappsarang",
        "resourceType": "Microsoft.Web/sites",
        "resourceName": "whizlabappsarang"
      }
    }
  },
  {
    "id": "/subscriptions/3e5ff226-7b86-4538-8eb7-e1638adc99ab/resourceGroups/rg_eastus_202894_1_174158937158/providers/Microsoft.Resources/deployments/Microsoft.Web-WebApp-Portal-dccf9ef0-83ab/operations/411D7428AF25C119",
    "operationId": "411D7428AF25C119",
    "properties": {
      "provisioningOperation": "Create",
      "provisioningState": "Succeeded",
      "timestamp": "2025-03-10T06:55:02.7915144Z",
      "duration": "PT10.5690804S",
      "trackingId": "bfd04ab7-c06c-4373-a39c-2bfaac8ea592",
      "statusCode": "OK",
      "targetResource": {
        "id": "/subscriptions/3e5ff226-7b86-4538-8eb7-e1638adc99ab/resourceGroups/rg_eastus_202894_1_174158937158/providers/Microsoft.Web/serverfarms/ASP-rgeastus2028941174158937158-b026",
        "resourceType": "Microsoft.Web/serverfarms",
        "resourceName": "ASP-rgeastus2028941174158937158-b026"
      }
    }
  },
  {
    "id": "/subscriptions/3e5ff226-7b86-4538-8eb7-e1638adc99ab/resourceGroups/rg_eastus_202894_1_174158937158/providers/Microsoft.Resources/deployments/Microsoft.Web-WebApp-Portal-dccf9ef0-83ab/operations/08584600171981495460",
    "operationId": "08584600171981495460",
    "properties": {
      "provisioningOperation": "EvaluateDeploymentOutput",
      "provisioningState": "Succeeded",
      "timestamp": "2025-03-10T06:55:30.8437924Z",
      "duration": "PT0.0713728S",
      "trackingId": "3b87a92e-90e1-4c2c-bffd-867607d2512a",
      "statusCode": "OK"
    }
  }
]