{
  "id": "/subscriptions/3e5ff226-7b86-4538-8eb7-e1638adc99ab/resourceGroups/rg_eastus_202894_1_174158937158/providers/Microsoft.Resources/deployments/Microsoft.Web-WebApp-Portal-dccf9ef0-83ab",
  "name": "Microsoft.Web-WebApp-Portal-dccf9ef0-83ab",
  "type": "Microsoft.Resources/deployments",
  "tags": {
    "primaryResourceId": "/subscriptions/3e5ff226-7b86-4538-8eb7-e1638adc99ab/resourcegroups/rg_eastus_202894_1_174158937158/providers/Microsoft.Web/sites/whizlabappsarang",
    "marketplaceItemId": "Microsoft.WebSite",
    "provisioningHash": "customize-post-provisioning-steps-webapp-deployment"
  },
  "properties": {
    "templateHash": "12507508196857145542",
    "parameters": {
      "subscriptionId": {
        "type": "String",
        "value": "3e5ff226-7b86-4538-8eb7-e1638adc99ab"
      },
      "resourceGroupName": {
        "type": "String",
        "value": "rg_eastus_202894_1_174158937158"
      },
      "name": {
        "type": "String",
        "value": "whizlabappsarang"
      },
      "location": {
        "type": "String",
        "value": "East US"
      },
      "hostingPlanName": {
        "type": "String",
        "value": "ASP-rgeastus2028941174158937158-b026"
      },
      "serverFarmResourceGroup": {
        "type": "String",
        "value": "rg_eastus_202894_1_174158937158"
      },
      "alwaysOn": {
        "type": "Bool",
        "value": false
      },
      "ftpsState": {
        "type": "String",
        "value": "FtpsOnly"
      },
      "autoGeneratedDomainNameLabelScope": {
        "type": "String",
        "value": "TenantReuse"
      },
      "sku": {
        "type": "String",
        "value": "Basic"
      },
      "skuCode": {
        "type": "String",
        "value": "B1"
      },
      "workerSize": {
        "type": "String",
        "value": "0"
      },
      "workerSizeId": {
        "type": "String",
        "value": "0"
      },
      "numberOfWorkers": {
        "type": "String",
        "value": "1"
      },
      "currentStack": {
        "type": "String",
        "value": "dotnet"
      },
      "phpVersion": {
        "type": "String",
        "value": "OFF"
      },
      "netFrameworkVersion": {
        "type": "String",
        "value": "v8.0"
      }
    },
    "mode": "Incremental",
    "debugSetting": {
      "detailLevel": "None"
    },
    "provisioningState": "Succeeded",
    "timestamp": "2025-03-10T06:55:30.876802Z",
    "duration": "PT41.1272544S",
    "correlationId": "5313f4d9-4396-4136-bb42-07a66a20aade",
    "providers": [
      {
        "namespace": "Microsoft.Web",
        "resourceTypes": [
          {
            "resourceType": "sites",
            "locations": [
              "eastus"
            ]
          },
          {
            "resourceType": "sites/basicPublishingCredentialsPolicies",
            "locations": [
              null
            ]
          },
          {
            "resourceType": "serverfarms",
            "locations": [
              "eastus"
            ]
          }
        ]
      }
    ],
    "dependencies": [
      {
        "dependsOn": [
          {
            "id": "/subscriptions/3e5ff226-7b86-4538-8eb7-e1638adc99ab/resourceGroups/rg_eastus_202894_1_174158937158/providers/Microsoft.Web/serverfarms/ASP-rgeastus2028941174158937158-b026",
            "resourceType": "Microsoft.Web/serverfarms",
            "resourceName": "ASP-rgeastus2028941174158937158-b026"
          }
        ],
        "id": "/subscriptions/3e5ff226-7b86-4538-8eb7-e1638adc99ab/resourceGroups/rg_eastus_202894_1_174158937158/providers/Microsoft.Web/sites/whizlabappsarang",
        "resourceType": "Microsoft.Web/sites",
        "resourceName": "whizlabappsarang"
      },
      {
        "dependsOn": [
          {
            "id": "/subscriptions/3e5ff226-7b86-4538-8eb7-e1638adc99ab/resourceGroups/rg_eastus_202894_1_174158937158/providers/Microsoft.Web/Sites/whizlabappsarang",
            "resourceType": "Microsoft.Web/Sites",
            "resourceName": "whizlabappsarang"
          }
        ],
        "id": "/subscriptions/3e5ff226-7b86-4538-8eb7-e1638adc99ab/resourceGroups/rg_eastus_202894_1_174158937158/providers/Microsoft.Web/sites/whizlabappsarang/basicPublishingCredentialsPolicies/scm",
        "resourceType": "Microsoft.Web/sites/basicPublishingCredentialsPolicies",
        "resourceName": "whizlabappsarang/scm"
      },
      {
        "dependsOn": [
          {
            "id": "/subscriptions/3e5ff226-7b86-4538-8eb7-e1638adc99ab/resourceGroups/rg_eastus_202894_1_174158937158/providers/Microsoft.Web/Sites/whizlabappsarang",
            "resourceType": "Microsoft.Web/Sites",
            "resourceName": "whizlabappsarang"
          }
        ],
        "id": "/subscriptions/3e5ff226-7b86-4538-8eb7-e1638adc99ab/resourceGroups/rg_eastus_202894_1_174158937158/providers/Microsoft.Web/sites/whizlabappsarang/basicPublishingCredentialsPolicies/ftp",
        "resourceType": "Microsoft.Web/sites/basicPublishingCredentialsPolicies",
        "resourceName": "whizlabappsarang/ftp"
      }
    ],
    "outputResources": [
      {
        "id": "/subscriptions/3e5ff226-7b86-4538-8eb7-e1638adc99ab/resourceGroups/rg_eastus_202894_1_174158937158/providers/Microsoft.Web/serverfarms/ASP-rgeastus2028941174158937158-b026"
      },
      {
        "id": "/subscriptions/3e5ff226-7b86-4538-8eb7-e1638adc99ab/resourceGroups/rg_eastus_202894_1_174158937158/providers/Microsoft.Web/sites/whizlabappsarang"
      },
      {
        "id": "/subscriptions/3e5ff226-7b86-4538-8eb7-e1638adc99ab/resourceGroups/rg_eastus_202894_1_174158937158/providers/Microsoft.Web/sites/whizlabappsarang/basicPublishingCredentialsPolicies/ftp"
      },
      {
        "id": "/subscriptions/3e5ff226-7b86-4538-8eb7-e1638adc99ab/resourceGroups/rg_eastus_202894_1_174158937158/providers/Microsoft.Web/sites/whizlabappsarang/basicPublishingCredentialsPolicies/scm"
      }
    ],
    "validationLevel": "Template"
  }
}